"UniqueID","Probability1"
6533,9.63901165956012e-09
6534,0.118076861856932
6535,0.916480552588976
6536,0.169775322102824
6537,0.588251039075259
6538,0.822520962972402
6539,0.954596279098984
6540,0.0207701592010158
6541,0.0166318651020051
6542,0.0645928745668814
6543,0.057902741188745
6544,0.961706110221157
6545,0.0547042473491917
6546,0.0129817958243361
6547,0.00581894333410028
6548,0.879616517639737
6549,0.843601795418827
6550,0.19247369929516
6551,0.572636248360634
6552,0.0523225524860063
6553,0.216365892747816
6554,0.0726114088379816
6555,0.782707075077714
6556,0.0545318410858426
6557,0.00980148903568236
6558,0.632505448451165
6559,0.0719687619222768
6560,0.781498380247604
6561,0.472853233914359
6562,0.0517000366906886
6563,0.0495429181853525
6564,0.0662140084369124
6565,0.00711274171682008
6566,0.15104305325113
6567,0.167699161437682
6568,0.837096582661989
6569,0.732114605160169
6570,0.0567100100545526
6571,0.0481514967177135
6572,0.816242821494569
6573,0.755079843062782
6574,0.821388820145597
6575,0.0641614283428049
6576,0.675440732335982
6577,0.00437040697173284
6578,0.053036275345938
6579,1.10465814483531e-08
6580,0.0473838469228412
6581,0.750320326283848
6582,0.00825539474680881
6583,0.00938663854251945
6584,0.184428501107993
6585,0.0306508290767755
6586,0.187621701724857
6587,0.16832090544152
6588,0.00489761256125033
6589,9.20983002892299e-09
6590,2.80673905101064e-08
6591,0.896378500821909
6592,0.0459994114339046
6593,0.0443886254164615
6594,0.0553946408433361
6595,0.0568911768852413
6596,0.0455671236841187
6597,0.0436308735014618
6598,0.0481097710272774
6599,0.00385106853929391
6600,0.465367146177967
6601,0.109829628649825
6602,9.70861069393429e-09
6603,0.00437738413949092
6604,8.4646948039121e-09
6605,0.118229778368001
6606,0.68123205620317
6607,6.69223705967619e-09
6608,0.81678643629463
6609,0.795533390682936
6610,0.00389171457783148
6611,0.0654878671616488
6612,0.106000622198658
6613,0.0501368829976869
6614,0.0152526266833238
6615,0.0480345349362218
6616,0.582659519015895
6617,0.307897207650124
6618,8.21749825154972e-09
6619,0.117966373522185
6620,2.99358791615527e-09
6621,0.0807534388863094
6622,0.150515854539174
6623,0.0363118592901125
6624,3.8592955055481e-09
6625,0.0220337660926507
6626,1.7120450582609e-09
6627,0.0334316297562389
6628,2.11081588746405e-09
6629,0.00901341691984634
6630,1.94623404897238e-09
6631,0.0231119867063889
6632,0.167702141344634
6633,0.830529731967132
6634,0.0125053695086816
6635,0.748299822604536
6636,0.343254317260257
6637,0.406275756379285
6638,0.382247885997142
6639,0.248211129938585
6640,0.297713215618363
6641,0.353942515239396
6642,0.323065055692827
6643,0.374992471815497
6644,0.367415445530258
6645,0.0023099524226822
6646,0.55192211875009
6647,0.0202977413976078
6648,0.0281467595510554
6649,0.232578048160032
6650,0.773678506681452
6651,0.00901735111555226
6652,0.0818844433434979
6653,0.0114845258932456
6654,1.0127671910205e-08
6655,0.151208602184192
6656,0.140759549450816
6657,0.00807982541023359
6658,0.189271748756118
6659,0.0591354206164638
6660,0.543177172987003
6661,0.00508827576875646
6662,0.05608210180028
6663,7.15453588701714e-09
6664,0.467144624103154
6665,0.173900781822889
6666,0.0449114240300707
6667,0.0886859731722687
6668,0.0269825483770036
6669,8.2933410885737e-09
6670,0.893749396982857
6671,0.888272465004409
6672,0.0541587957868752
6673,0.0341129753928027
6674,1.31339967068682e-08
6675,0.0472909221861132
6676,0.0463423551041598
6677,0.047235869092401
6678,0.00749064722318012
6679,0.0093962158081955
6680,0.654471748301746
6681,0.0518650675302036
6682,0.0578692213754366
6683,0.177306357757963
6684,0.607321899781877
6685,0.040334629163447
6686,0.0449629960119914
6687,8.31680116265954e-09
6688,0.723634335419355
6689,0.00477173917533448
6690,0.0363774398509183
6691,0.117141152093019
6692,5.05831031505579e-08
6693,7.75567805903602e-09
6694,0.745230790464088
6695,1.14225840007183e-08
6696,0.00351127487665506
6697,0.649816360365065
6698,0.033400193383748
6699,0.0388584069102269
6700,0.0463660429383069
6701,0.571385739696762
6702,0.0329474812828115
6703,0.0119651131578406
6704,0.501613454421253
6705,0.269728301973169
6706,1.82288168181119e-09
6707,0.0447287987707066
6708,0.0349807373925559
6709,0.0748613822819968
6710,0.0328746293203212
6711,0.133738551413275
6712,0.0427400633797659
6713,4.06760455559815e-09
6714,0.022866780881402
6715,0.0531550169761713
6716,1.85795208346599e-09
6717,1.52417141250296e-09
6718,0.145831232145199
6719,0.00804520493752182
6720,0.650039623245243
6721,1.70753405388632e-09
6722,0.0249636555900708
6723,0.945044471852183
6724,0.10471044616361
6725,0.596593556775405
6726,0.0865776786022227
6727,0.00140103890993505
6728,0.894884680002069
6729,0.00530341971107009
6730,0.00803577119638816
6731,0.882511246923568
6732,0.0469556857581499
6733,0.0521173609545033
6734,0.00857759108558555
6735,0.013056569181699
6736,0.0639358351415207
6737,0.0531329683983729
6738,0.151778852123024
6739,7.81132432701376e-06
6740,0.00400046765134423
6741,0.132022659271861
6742,0.0395504146661596
6743,0.0620057974323224
6744,3.713696565689e-09
6745,0.223612995950684
6746,0.0528351312759248
6747,0.0509663479839014
6748,0.0617517581357371
6749,0.0929390107391032
6750,0.751619941844355
6751,0.00450323768544018
6752,0.190092189687536
6753,0.998478761467711
6754,0.00992235774126507
6755,0.0521286238633024
6756,0.066482329307774
6757,0.413847273022312
6758,0.181703696770299
6759,0.00699077738251011
6760,0.0209947906284739
6761,0.0439217702074553
6762,0.0287692664627166
6763,0.0352174959153456
6764,0.725543457332636
6765,0.0648734768597594
6766,0.044356149506756
6767,0.0453997208452251
6768,0.0906447338375131
6769,8.89113834204201e-09
6770,0.0959568498756561
6771,0.00315899946547285
6772,0.0486837688850552
6773,0.0335918423688029
6774,0.0351759789952802
6775,0.647285406135326
6776,0.0573962046836677
6777,7.11800010447082e-09
6778,0.0413027172279422
6779,0.0684887650446537
6780,0.755907983742558
6781,0.0991711486784517
6782,0.0818984616683685
6783,0.0284129460021477
6784,0.00341681501493581
6785,0.0176257374967522
6786,4.62051134518815e-09
6787,0.640441716151524
6788,0.0210528016796278
6789,0.0374519969025658
6790,0.0126991714511383
6791,0.0404055453696749
6792,0.00288992689441554
6793,2.45202901921702e-08
6794,6.56037622858886e-09
6795,0.386894835327177
6796,0.0725499841258561
6797,0.252015444433593
6798,0.0344957509671316
6799,0.13362340826384
6800,0.0150062219447041
6801,0.0181696635778808
6802,2.84330669508964e-09
6803,1.47881344971494e-09
6804,1.35691434254843e-09
6805,0.00416436914813035
6806,1.53005728142823e-09
6807,0.561009641010966
6808,0.897682033751256
6809,0.0631778387066159
6810,0.982241153107857
6811,0.0448583452083637
6812,0.0143616357296656
6813,0.00717181689487161
6814,0.0568550873720778
6815,0.0702342351402964
6816,0.140011788719416
6817,0.172051234021556
6818,0.0664823538016102
6819,0.88710537746568
6820,0.0740465228481028
6821,0.00877848139719956
6822,0.0650196326761138
6823,0.146098343053668
6824,0.630493801606474
6825,0.805043540075366
6826,0.0397445158386925
6827,0.054881226473585
6828,0.00333440112731522
6829,0.010928683173424
6830,0.0687221149034637
6831,4.84472247991925e-08
6832,0.0433218622828163
6833,0.0583027017868278
6834,0.0407789290974995
6835,0.7277660593886
6836,0.0516726632038055
6837,0.0899235179101058
6838,0.0111935120391682
6839,0.0352615125361994
6840,0.0443213336188314
6841,0.0373098067995632
6842,0.00616596674551058
6843,0.0380694256959868
6844,0.85437327720759
6845,0.713593208432126
6846,0.0338719219169528
6847,0.383655763009818
6848,0.0525823542549256
6849,0.0291980897618606
6850,0.0731491056217346
6851,0.0318727480926554
6852,0.693240237404924
6853,0.0475123903706483
6854,0.0310275113488993
6855,0.044355277994933
6856,0.0379207219863661
6857,0.0732970407729165
6858,0.044314024126775
6859,0.683491382433687
6860,0.825239430662504
6861,0.0417480804331296
6862,0.0450484066960701
6863,9.60200472088573e-09
6864,0.386151125337781
6865,0.0453672299403008
6866,0.61345679992146
6867,0.103779107678543
6868,0.0483902015601361
6869,0.514779032065125
6870,6.74182480572069e-09
6871,4.52325687544275e-09
6872,0.00871488078374776
6873,1.12300711101032e-08
6874,0.146856249748495
6875,0.031380291943364
6876,0.0324995518095747
6877,0.0358870902895864
6878,0.401253020709661
6879,0.0460704969523642
6880,0.00288591049709702
6881,3.35265040352972e-09
6882,0.0247863622845565
6883,0.0366440089839288
6884,2.00454756205884e-09
6885,0.889295830202212
6886,0.00916960915864257
6887,5.86897337131999e-09
6888,0.324658782256832
6889,0.20504072136113
6890,0.0332966801861097
6891,0.0497485218773265
6892,0.06222841541178
6893,0.115199662774135
6894,5.33727462278233e-09
6895,0.0339556301922026
6896,0.00425206799594815
6897,0.0108955740144751
6898,2.68361112768975e-09
6899,1.20801145978473e-09
6900,1.51375452962258e-09
6901,1.34022302166165e-09
6902,0.0230067344509926
6903,0.199744084460551
6904,0.784863492834711
6905,0.0547803264207414
6906,0.00461774742830019
6907,0.143415163272506
6908,0.04646314434221
6909,0.0813089484067515
6910,0.00384996308156661
6911,0.0446248526334799
6912,0.00660730148806848
6913,0.114184123172762
6914,0.00325390061571062
6915,0.0586285734879877
6916,0.0344235308281998
6917,0.00449801166493602
6918,0.184908212488547
6919,0.0748728758230553
6920,0.17540337501506
6921,0.846059344582179
6922,0.0121084854259714
6923,0.00556677931882116
6924,0.0807939738632708
6925,0.917458412407077
6926,0.00336358862945498
6927,0.592634284214645
6928,0.0343962175023496
6929,0.0415955665677788
6930,4.29013541144328e-09
6931,0.0315065289601536
6932,0.0059523078926702
6933,0.0324563816941874
6934,0.717071712561995
6935,0.488869736627214
6936,0.040172973177767
6937,0.0395887565806419
6938,0.183454114396118
6939,0.00673120964543696
6940,0.680990910554059
6941,2.63053920001357e-08
6942,0.0331512574730731
6943,0.930125350650287
6944,0.0404774101877979
6945,0.0362537301995004
6946,0.0808832604954891
6947,0.0907746074386115
6948,6.83806535908409e-09
6949,0.0344361501844762
6950,0.283759598920777
6951,0.0853340743769915
6952,0.0527879551979324
6953,0.553990420683775
6954,0.0193906200022533
6955,2.34608155123162e-08
6956,0.986127883349414
6957,0.0353070349124738
6958,6.7088505644581e-09
6959,0.00306346494796673
6960,0.261008903535027
6961,3.56533704929723e-09
6962,0.0396744568692191
6963,0.215729420166232
6964,0.0287677718217276
6965,0.039916578697409
6966,0.128166991940841
6967,0.646224927027214
6968,0.0818221901873995
6969,0.0287496311045239
6970,0.00473322738810189
6971,0.00713423066860817
6972,0.524354508865582
6973,5.56446807760002e-09
6974,0.0200844611327579
6975,0.0498211290386755
6976,1.76317400584929e-07
6977,0.0372877363703522
6978,0.00239331208029495
6979,0.0409194382775744
6980,0.0312464298549986
6981,0.0312464298549986
6982,0.495492538610785
6983,0.0583574327283225
6984,0.0283018204109955
6985,6.93466038810452e-09
6986,0.210217714268022
6987,0.0181529893647283
6988,0.0278015835689236
6989,0.0078270574404035
6990,0.934364272879304
6991,0.123978139526609
6992,1.11048883059829e-09
6993,0.00994851427255203
6994,3.24163319111618e-09
6995,0.0229484455970431
6996,0.00747579478825067
6997,1.24057483031639e-09
6998,0.0268415026357499
6999,1.20092362918659e-09
7000,0.0399234561592541
7001,0.0494241083007795
7002,0.779324336189204
7003,0.885059914040631
7004,0.602885507289231
7005,0.825214287731773
7006,0.0230110221493066
7007,6.82292326878521e-09
7008,0.00599274037833243
7009,0.603022872667317
7010,0.00231849710374822
7011,0.0394760937084442
7012,0.597763147658407
7013,0.0830000111763649
7014,0.128668113773731
7015,0.104608887777094
7016,0.20100998298927
7017,0.117884191983241
7018,0.26697808251885
7019,0.159207402379679
7020,0.0127456345241815
7021,0.801798225251029
7022,0.884967639313049
7023,0.957896132018475
7024,0.889575618676253
7025,0.0595641715487943
7026,0.973015882719821
7027,9.09309712291591e-09
7028,1.38609572226175e-08
7029,0.004483765944642
7030,0.654873056925897
7031,1.06342678916792e-08
7032,0.255761396103271
7033,0.00832278045253662
7034,0.181403986263016
7035,0.190054899715604
7036,0.243207223881258
7037,0.878327811156055
7038,0.393111483060901
7039,0.0643821228913699
7040,0.0954302476608734
7041,0.0105788728600007
7042,0.0529233029794941
7043,0.0180989551409708
7044,0.301546508136558
7045,0.214378182440708
7046,0.00507284287302438
7047,0.812285211361844
7048,0.75100681929346
7049,0.014556368899147
7050,0.00715589405824802
7051,0.0742680820434697
7052,1.7287240647154e-07
7053,0.197785800301028
7054,0.056113538228017
7055,0.00862907274390905
7056,0.1667949051285
7057,0.0815986571798156
7058,0.200960721328459
7059,0.0675617384542492
7060,0.0652570653742437
7061,0.790101659650886
7062,0.061579695494387
7063,0.00871373908223388
7064,0.0440153923044636
7065,0.0936078096962291
7066,0.232317018543305
7067,0.0849813758035246
7068,1.09834908320994e-08
7069,0.0691476175698084
7070,4.09356182870567e-08
7071,0.181516750099615
7072,0.806966780368307
7073,0.43814200028623
7074,0.0772726905352082
7075,0.0187243683803275
7076,0.0328581245750943
7077,0.0461890354990565
7078,0.178699679724585
7079,0.278031493595837
7080,0.0642485821928826
7081,0.520484942042211
7082,0.812190120642312
7083,0.0520182444422368
7084,0.951677370587654
7085,1.00535049816925e-08
7086,8.30824378526381e-09
7087,0.900524504803355
7088,0.0555647520328779
7089,0.661732611602563
7090,0.0425002223955521
7091,0.00505224544751431
7092,0.0808041174066606
7093,0.0544883936123877
7094,0.0569649553325751
7095,0.783532038255385
7096,0.053444296964766
7097,0.774059110015568
7098,9.19522615750426e-09
7099,0.00385414295596592
7100,0.048763640473095
7101,0.0480904718858578
7102,0.0267341500946991
7103,0.117806305644876
7104,0.343518440439431
7105,0.089038913052937
7106,0.0463235387068364
7107,3.86874379323115e-09
7108,0.165571889221585
7109,0.06386715807446
7110,0.0427041628806046
7111,4.69681881787825e-09
7112,0.0202221172174179
7113,0.00870362035707654
7114,1.7120450582609e-09
7115,2.0268763745686e-09
7116,0.0883878920063943
7117,0.00753856680938621
7118,0.0649903919079058
7119,1.92112523253981e-09
7120,0.852371573554684
7121,0.171241686562036
7122,0.184832319410985
7123,0.106258227570893
7124,0.293823107081485
7125,0.00941378328752226
7126,0.171353690749926
7127,0.0906752667407211
7128,0.00610149977639722
7129,0.0519582360635774
7130,0.0755598243041714
7131,0.764050016180831
7132,0.19892010143644
7133,0.0112699554988097
7134,0.00983960049656452
7135,0.07509670706901
7136,0.152514550174182
7137,0.0695814743145011
7138,0.222169805307965
7139,8.02522276966594e-09
7140,0.0557651497913297
7141,0.799664683631947
7142,0.0521579666512613
7143,0.0715943482042346
7144,0.0540220244201155
7145,0.674908904247614
7146,0.0695023650316319
7147,0.00477955332546987
7148,0.778120808892647
7149,0.0635586124880808
7150,0.869655121225212
7151,0.622886166944262
7152,0.0859499004103194
7153,0.149826441101783
7154,0.0704793094614023
7155,1.43604387480512e-08
7156,0.0369975536140853
7157,0.00875422499465708
7158,0.140806927886139
7159,8.73498699942956e-09
7160,0.0286723378880526
7161,0.0517298510321728
7162,2.70120160395623e-08
7163,0.0128192329103133
7164,0.039402679770122
7165,0.0379543786166652
7166,0.0523904264824459
7167,0.00435720373282244
7168,0.0425258225230769
7169,0.0595052656873082
7170,0.0519966781424014
7171,0.0530956247496727
7172,0.0431181784389606
7173,0.0317387173737096
7174,0.0515859007431276
7175,0.109162941262196
7176,0.861799701463721
7177,0.0730019487069305
7178,0.68057633885804
7179,8.23949760509710e-09
7180,0.699747404154852
7181,0.591144258320652
7182,0.0551084741596569
7183,0.00366207403196221
7184,0.0466539677100665
7185,0.704583353058067
7186,0.148638172260998
7187,0.0350800649332696
7188,0.369251712769021
7189,1.89222042920583e-09
7190,0.0229156156186598
7191,0.259308576373817
7192,0.0092321271572746
7193,7.23862308506358e-09
7194,0.0607467546317661
7195,0.080079762073284
7196,0.136202093628581
7197,2.90682916407556e-09
7198,0.020921510239914
7199,1.51923152672885e-09
7200,1.78986906935061e-09
7201,0.0372829657223547
7202,0.0598532928981078
7203,0.0137500039323454
7204,1.62374092717023e-09
7205,0.0263011370684945
7206,0.0864510579738275
7207,0.0495924223947188
7208,0.812053621826103
7209,0.0516439063204357
7210,0.48227815989231
7211,0.0603986479741984
7212,0.022248150036439
7213,0.0581657068988454
7214,0.105702653368585
7215,0.00437423005447351
7216,0.0815062149278651
7217,0.224252510390071
7218,0.945785518936422
7219,0.00804871995835326
7220,0.124777571405844
7221,0.0618935810844527
7222,0.0658721300351323
7223,0.011562339693216
7224,0.0455838713869412
7225,0.439754779625773
7226,0.0655078238512329
7227,0.0688641268638174
7228,0.0615639401796649
7229,0.76790937685174
7230,0.27082098534806
7231,0.00487421030593314
7232,0.130836774360453
7233,5.19269153133379e-08
7234,0.528801965019798
7235,0.0513053040911642
7236,0.0415872833310898
7237,0.0507506263400977
7238,0.825729684893152
7239,4.01399112324162e-09
7240,3.98154647081972e-09
7241,4.07305919136142e-09
7242,0.658459429762858
7243,5.31312924729614e-08
7244,0.054420528107686
7245,0.0754156946644817
7246,0.0481235323562026
7247,0.0555376296977486
7248,0.814052803062336
7249,0.00378489891567309
7250,0.158802941957997
7251,9.68599789808149e-09
7252,0.0146480267238961
7253,7.96809935598421e-09
7254,0.161916459366113
7255,0.322216692368008
7256,0.168406084645482
7257,0.00356649208824072
7258,0.973276723148151
7259,0.103494359358692
7260,0.00773849490014035
7261,0.0284197094698731
7262,0.0985214607127144
7263,0.076239984739624
7264,0.145866406802814
7265,0.11844677988467
7266,0.144305472772092
7267,0.00331207073434365
7268,0.175722900359585
7269,0.0389925763629555
7270,0.0406111903809987
7271,0.138734378058107
7272,0.0384306126374166
7273,2.34787905276819e-08
7274,0.237279274489619
7275,0.0648630079470863
7276,0.0839156447104034
7277,0.0651438334130299
7278,0.0435202525021487
7279,1.26193748295233e-08
7280,0.0313437758665558
7281,0.0413829235024515
7282,0.109042107247135
7283,0.00314238189940965
7284,0.0370595224986518
7285,0.0511605258664113
7286,0.126017749737831
7287,0.0468266296441656
7288,0.528889153413887
7289,6.50474343931909e-09
7290,0.635745785194812
7291,0.155680002215138
7292,0.0204198768236903
7293,0.128404965791227
7294,0.169462086424812
7295,0.0383896204270643
7296,0.0314965815023996
7297,0.0414792011288658
7298,0.0421915278837489
7299,0.11912219289632
7300,0.0346202213714527
7301,2.64732379134351e-09
7302,0.0159924488518464
7303,2.09638960857664e-09
7304,0.0405055377576838
7305,1.35032298965838e-09
7306,1.46445067555188e-09
7307,0.802721373867916
7308,0.667476860748607
7309,0.0447823644834712
7310,0.0452008155034568
7311,0.098113739001709
7312,0.0771277113927673
7313,0.184228572336817
7314,0.980272661544065
7315,0.0402748287365171
7316,0.929437042950705
7317,0.147624914666531
7318,0.0187677781476393
7319,0.00803794317117753
7320,0.0510958200794661
7321,0.999997463136207
7322,0.999997244197014
7323,0.0148014794829244
7324,0.0162388997200315
7325,0.00718338357093331
7326,0.99999789252674
7327,0.0531523221235664
7328,6.93591448294536e-09
7329,0.0494601027364572
7330,0.113873557892806
7331,0.0441776306625901
7332,0.0175665038486243
7333,0.0502797004594887
7334,0.00928768786049371
7335,0.99999678338725
7336,0.0440576220418671
7337,0.136625185804632
7338,0.0151484773305264
7339,0.0131797719987125
7340,0.0505586748936227
7341,0.0455049171116223
7342,0.215172764555141
7343,0.0497967410539318
7344,0.695825163851892
7345,0.0502861669003486
7346,0.0563077843243296
7347,8.69335892563049e-09
7348,0.00465775855000448
7349,0.734861099090875
7350,1.56417368335513e-08
7351,0.0756182619977887
7352,0.0387435987685434
7353,0.0458336495986077
7354,0.0305261297780139
7355,0.619502237119607
7356,0.116409079250751
7357,0.64399544869678
7358,7.11133310397551e-09
7359,0.114256187372258
7360,0.0267121618023776
7361,7.16313118434254e-09
7362,0.0395336257960049
7363,0.0353272618625878
7364,0.0314250504679434
7365,0.0542310408195315
7366,0.0311373406538181
7367,0.111693892110893
7368,0.0325940775947091
7369,0.0297808494753497
7370,0.0367681722835067
7371,0.00314184256603741
7372,0.00617155520763656
7373,5.95090977242217e-09
7374,6.73490580765672e-09
7375,0.59193503158381
7376,0.0876112084825785
7377,0.0877410423967
7378,0.0352056259683019
7379,0.0587487257982535
7380,5.95384080269779e-09
7381,6.65881669851699e-09
7382,0.536022005435738
7383,6.34973339616685e-09
7384,7.11988353121853e-09
7385,0.00272255552957456
7386,0.0161534373643851
7387,0.0616400371516453
7388,2.63723286435207e-09
7389,0.0315899058412924
7390,5.45282060962564e-08
7391,0.0369315842033853
7392,0.0274817895321338
7393,0.713879288827845
7394,0.00866759237067372
7395,0.0181908883992813
7396,0.245460372220333
7397,0.0510692914857181
7398,0.0279848118195522
7399,0.0598107096691291
7400,0.0363070665531955
7401,0.0907186761329917
7402,0.0335848927225458
7403,4.18666962497056e-09
7404,0.0209806048417998
7405,0.115572622300474
7406,1.45828433103197e-09
7407,1.19824723489232e-09
7408,0.00621689360670093
7409,1.30798636721164e-09
7410,0.0273377127657222
7411,0.783489960499262
7412,0.115853859400459
7413,0.0829906722601998
7414,0.0364880650987994
7415,0.746750613057501
7416,0.116644325454057
7417,0.0628304423870602
7418,0.0481149161465096
7419,0.0692557171813279
7420,0.00362339882034753
7421,0.00611996163833718
7422,0.0417351280634571
7423,0.0431868606674549
7424,0.0123736918225576
7425,0.0414762391974185
7426,0.0438625688456596
7427,0.0157160899036521
7428,0.0471756617361245
7429,0.100732727750853
7430,0.834545920781709
7431,0.0436755311180727
7432,0.0342400212712579
7433,0.169681196730748
7434,0.0492986520966305
7435,0.0341944547904133
7436,0.999998395849813
7437,0.580925127048065
7438,0.176201756361864
7439,0.11030069341082
7440,0.0421093560315797
7441,0.0195491539128037
7442,0.0326193594314854
7443,0.175635231848299
7444,0.999996698119109
7445,0.1142188500642
7446,0.999996084582023
7447,0.218449372651918
7448,0.033619683374064
7449,0.0667873723065601
7450,0.0127055473693872
7451,0.0299473603271779
7452,0.0403921950300492
7453,0.00665626290622048
7454,0.031988073923256
7455,0.0273199162271462
7456,0.999996211164459
7457,0.99999618801236
7458,0.0405969587932981
7459,0.129946379599086
7460,0.0357184432752933
7461,0.0109843844808429
7462,0.0426027113464404
7463,0.999998708874568
7464,0.035886539349794
7465,0.0298178090398292
7466,0.999994633195633
7467,0.0375070420326354
7468,0.400528181632187
7469,5.0632514653676e-09
7470,0.682395173168047
7471,0.393344836744424
7472,0.0566128389737278
7473,0.0448050305410449
7474,0.653837321918336
7475,0.466289954700997
7476,0.656084434438754
7477,0.00242059383189291
7478,0.0271147478003083
7479,0.0318414372737842
7480,0.0861792486406471
7481,0.0292936235133098
7482,0.00815821195447101
7483,0.213469786674472
7484,2.57644994856662e-09
7485,0.0152532011823195
7486,0.0274808039154422
7487,0.121818874533479
7488,0.999965285186089
7489,2.23167736108209e-09
7490,0.0175371728741344
7491,1.23856282842791e-09
7492,1.05813343619308e-09
7493,1.2305216135614e-09
7494,0.0495967114548375
7495,0.94385309456407
7496,0.716115236573428
7497,0.0504239328140832
7498,0.274118429074708
7499,0.359627513779678
7500,0.653373700165702
7501,5.47475908061176e-09
7502,0.65163636385233
7503,0.656044781190855
7504,0.0249409551417701
7505,0.0470527627707275
7506,0.104961465953072
7507,0.181383835556321
7508,0.108430407747788
7509,0.604981936265448
7510,0.0578380940181394
7511,0.624242937335683
7512,0.0706008108402071
7513,0.975107198801948
7514,0.112415880141918
7515,0.074179117793222
7516,0.0600418325822929
7517,0.0630976354633005
7518,0.0493973796891695
7519,0.724515953694373
7520,0.675473884820205
7521,0.356053493636487
7522,0.00813730743383683
7523,0.183521539363056
7524,0.180922421213347
7525,0.0728539387656522
7526,0.0968172958850936
7527,0.874993381888091
7528,0.188497151136948
7529,0.200119177906688
7530,0.0656906764613574
7531,0.575615311358071
7532,0.596481534316815
7533,0.963886160686151
7534,0.957986866348846
7535,0.631941771037455
7536,0.985463082713596
7537,0.00943863433390734
7538,0.796852598239697
7539,0.271087243002231
7540,0.0859982008006473
7541,0.764449428356096
7542,0.818486832763964
7543,0.0578142620128021
7544,0.928898451141125
7545,0.0118862740029617
7546,0.0638512573466742
7547,0.0099209267541815
7548,0.00975434170205632
7549,0.0502586936335466
7550,0.0475454852092987
7551,0.155253067015895
7552,0.0583824852004572
7553,0.0530161620524363
7554,0.063304598885622
7555,0.763093712922341
7556,0.00699053290971988
7557,0.269244201979292
7558,0.802730678258216
7559,0.176543683068792
7560,0.00934146790603789
7561,0.415117681865714
7562,0.173321778529499
7563,0.0300773788663851
7564,0.053138004225557
7565,0.0540308245196125
7566,0.0806057910575537
7567,0.0431426801684014
7568,0.0864433120255241
7569,0.652447953863417
7570,0.0562633404775098
7571,0.0208720158993229
7572,0.238790015174072
7573,0.916165398427912
7574,0.0674582383360683
7575,0.0460638262182787
7576,9.68898329444285e-09
7577,0.00439690377036109
7578,0.725657635245343
7579,0.0546687456378769
7580,9.45593222843245e-09
7581,2.34492770839806e-08
7582,0.0543547613796536
7583,0.119675533980752
7584,0.810823368585102
7585,0.816330040622458
7586,0.140317937177531
7587,8.08860149325307e-09
7588,0.0483402343928265
7589,0.00387915034119807
7590,0.0460236488881989
7591,0.0375567292842334
7592,0.055067749312997
7593,0.0351520383645144
7594,0.0124526404507407
7595,0.0257083808885005
7596,0.0742588308485435
7597,0.342786729622607
7598,0.0846629965538688
7599,4.81653450416092e-09
7600,0.0686879700455091
7601,0.00914140238410015
7602,0.133665707571059
7603,0.04708560205892
7604,0.0340536072925493
7605,5.17725113895515e-09
7606,0.0205462312128059
7607,2.09375439285133e-09
7608,0.0378324654820331
7609,0.0085646883518193
7610,1.63929156768241e-09
7611,0.070610295663046
7612,0.084975548099798
7613,1.97808205777925e-09
7614,0.867229690981144
7615,0.202242671692592
7616,0.141353530998563
7617,0.106799946349135
7618,0.0668342579970797
7619,0.966364777230689
7620,0.117777010918097
7621,0.600493866405733
7622,0.00269075421233032
7623,0.0763290607679083
7624,0.0609307625347089
7625,0.0652018511815119
7626,0.00903186718415363
7627,0.582891217237686
7628,0.151992144829855
7629,0.160189278598671
7630,0.00641434791168836
7631,0.309230035720113
7632,0.0101460177958665
7633,0.0896628917150117
7634,0.28263382650133
7635,0.794180839527323
7636,0.866965457374996
7637,0.210073119273964
7638,0.00463322779643064
7639,0.695776981446286
7640,6.70209471008207e-09
7641,0.0432026174981235
7642,0.0547230563627276
7643,0.0151320665638873
7644,0.0606842041259226
7645,0.0413624863011814
7646,0.845680193045159
7647,0.0052256146142339
7648,0.0472838822805377
7649,0.810984437319112
7650,0.130809433951361
7651,9.85429139313582e-09
7652,0.0119555088202493
7653,0.0406090172276069
7654,0.0628372740399932
7655,0.0544293893876888
7656,0.0396957403858998
7657,0.0580464647714725
7658,0.133273579522681
7659,8.53873097097147e-09
7660,0.0482393163283569
7661,0.0463600604370013
7662,0.115655216493158
7663,0.0637269484041376
7664,0.0380079764607904
7665,8.85269717870406e-09
7666,0.0428510939588705
7667,0.0297889830002647
7668,0.0445947615606553
7669,0.00526366657600696
7670,3.5436695575939e-08
7671,0.15047690061216
7672,0.186766054392523
7673,0.688636831687654
7674,0.0937972799798514
7675,1.01751499672386e-08
7676,0.591928631154443
7677,0.0468778824846641
7678,0.00338304259577909
7679,0.00961402892638782
7680,0.0638568640591189
7681,0.047234926034951
7682,2.47561835050315e-07
7683,0.0331029844869896
7684,0.542154060079878
7685,0.0229156156186598
7686,0.0331000189507175
7687,0.00860125025694339
7688,0.252509151370525
7689,0.0526028893684885
7690,0.0778371080216473
7691,0.167235181169431
7692,0.0173933826448252
7693,3.6425364812769e-09
7694,0.0676181358122505
7695,0.0254304591507207
7696,1.65302719798555e-09
7697,1.51185170119472e-09
7698,0.103507568821123
7699,0.0633959613957491
7700,0.0451180507542845
7701,0.0426127743259068
7702,0.0998731540856459
7703,1.77248520986409e-09
7704,0.0516439063204357
7705,0.891501991869292
7706,0.0668127587705347
7707,0.894387920138874
7708,0.147629022256183
7709,0.0643750007822108
7710,0.0627328640445597
7711,0.216718745810658
7712,0.00447965410599402
7713,0.0464970878559088
7714,0.211123863570209
7715,0.0431854054392804
7716,0.00804871995835326
7717,0.98896554366618
7718,0.0431854054392804
7719,0.0770632387026857
7720,0.068942563513321
7721,0.0526329515871876
7722,0.0794040825167367
7723,0.00421797923262689
7724,0.0211754937006348
7725,0.790715111642792
7726,0.0507433221787226
7727,3.26825028308876e-08
7728,0.132413542487325
7729,0.0532225615327615
7730,0.0402342470409668
7731,0.0877902526624311
7732,0.0629949006710082
7733,0.0503729791779175
7734,0.753433609644273
7735,0.05194872295412
7736,0.0497480528156854
7737,0.0445118826623141
7738,0.0554956246049543
7739,0.0442986251675984
7740,0.0472831649576068
7741,0.0533167397675164
7742,0.972657993732094
7743,0.767691408324265
7744,0.0383503070835435
7745,0.0609426309774825
7746,0.550270300252012
7747,0.0508602214322374
7748,0.488149876260047
7749,0.0554315758466249
7750,0.0473012119034403
7751,0.0380521211811304
7752,0.0487858025763955
7753,0.0646030091170847
7754,0.0486804482397969
7755,0.00555749067368068
7756,0.0473924908938084
7757,0.0412104925240545
7758,0.0371271363396872
7759,0.731680838930601
7760,0.0601345937171087
7761,0.0911072950758822
7762,0.00994225805688672
7763,0.0453823648211883
7764,0.0494870361727148
7765,0.0378831824612708
7766,0.0424690666911405
7767,0.0480004831185079
7768,0.0419799160596508
7769,0.0451191703131621
7770,0.043335477043048
7771,0.0697000774874174
7772,0.0396519064477716
7773,0.0503993993557774
7774,0.0424031096958411
7775,1.15090703103341e-08
7776,0.0389834235524428
7777,0.657909314859481
7778,0.0402179736703408
7779,0.0733646026799062
7780,0.037141458070402
7781,0.174259086685615
7782,0.0430836176821243
7783,0.040992338137282
7784,0.0490683088271093
7785,7.6294943437187e-09
7786,0.0932661778654535
7787,0.0254952408497997
7788,0.0361584894584402
7789,0.6699492727974
7790,0.0636583371471931
7791,0.765257303648206
7792,7.5801196412227e-09
7793,0.0137838342670363
7794,2.98057126383958e-08
7795,0.0338163380688969
7796,0.227649622336841
7797,0.0328436989083937
7798,0.632085024443866
7799,0.0827994517259961
7800,0.0350575487423224
7801,0.0320713170448612
7802,0.0487732803362234
7803,0.0317404315458153
7804,0.0235297037041776
7805,0.00300318260150181
7806,7.5435715325325e-09
7807,0.0431560567075932
7808,0.0407848451364832
7809,1.73215556830846e-08
7810,0.021239233726581
7811,0.695949619309544
7812,0.0727965656892965
7813,0.285144434385839
7814,0.0979724537607055
7815,0.107434741012371
7816,0.0129050596284344
7817,0.137042118112978
7818,0.0297852195026182
7819,0.0258415977223018
7820,0.0165642153791438
7821,3.58176291882833e-09
7822,1.61428151741588e-09
7823,1.34594655189454e-09
7824,0.0281776426392836
7825,0.0160669008480229
7826,1.58310998749692e-09
7827,0.584890939678197
7828,0.0166999606702758
7829,0.874131981285918
7830,0.107501946088156
7831,0.102806746359811
7832,0.144087602255672
7833,0.0449107579306751
7834,0.205939559365146
7835,0.973504305993197
7836,0.00411785898405573
7837,0.0643887564832371
7838,0.0549873775541338
7839,0.0095376794967856
7840,0.00713722769218404
7841,0.0834072425001787
7842,0.080633748382054
7843,0.0624694132703745
7844,0.0518002903842903
7845,0.197160715802381
7846,0.0493077051518097
7847,0.0913289258986115
7848,0.00529384685448577
7849,0.044746317141806
7850,0.0364880512237091
7851,0.0393837348693537
7852,4.69541084611825e-09
7853,0.500180254758799
7854,0.0479629502978195
7855,0.74754776367488
7856,0.714714351389854
7857,0.138521439619292
7858,0.0435917473571379
7859,0.0486644841856666
7860,0.00377353659945154
7861,0.0383825230078547
7862,0.00701570892500734
7863,0.0472744651307056
7864,0.508693481191193
7865,0.444805897680051
7866,0.0343532425587525
7867,0.0551969815683711
7868,0.100982741103863
7869,0.650574226920885
7870,0.0951774503730563
7871,0.0509023899687701
7872,0.0344071280851315
7873,0.20853150739908
7874,0.800323723411823
7875,0.044382815738275
7876,0.0434694051093931
7877,0.0366447487236886
7878,2.82118313340469e-08
7879,0.0371146475147105
7880,0.0230883749813115
7881,0.688820614155776
7882,0.00615344988149069
7883,0.634022721421898
7884,0.0320812837748905
7885,6.67206418769128e-09
7886,1.38402429396828e-08
7887,0.0697507059747424
7888,0.124868889184946
7889,0.774672366568047
7890,0.0258887765981959
7891,0.550165808888098
7892,0.0328940348062458
7893,0.0138939084374478
7894,0.00282582341437883
7895,5.93637639663044e-09
7896,0.0455205763669997
7897,0.612541036008835
7898,0.00966544749149944
7899,0.0380442850965429
7900,0.026488710511809
7901,2.44749597697328e-09
7902,0.0468547082708862
7903,0.0181908883992813
7904,0.0355065819478029
7905,0.0624897130510398
7906,0.270296155904466
7907,0.028990874816663
7908,0.0622242262207558
7909,5.50223512365019e-09
7910,0.0310361392119831
7911,0.105638798676353
7912,0.0291073980779599
7913,0.0113234914189245
7914,2.14854784964896e-09
7915,1.49422523167172e-09
7916,1.19242662401932e-09
7917,0.0223620139918119
7918,0.00339745125830957
7919,0.0214121076249948
7920,1.38669347666468e-09
7921,0.0085506644638789
7922,0.0098013353772829
7923,0.977635277804234
7924,0.419322450006842
7925,0.0866454971247664
7926,0.0646226041412621
7927,0.626995100606801
7928,0.105399495698174
7929,0.00660730148806848
7930,0.663474416120761
7931,0.590872268504312
7932,0.859035695710331
7933,0.0401170780018522
7934,0.0583824155903147
7935,0.0334914331630513
7936,5.68875536227633e-09
7937,7.60867586809158e-09
7938,0.691397213379457
7939,0.718796296324687
7940,0.0328843433426866
7941,0.0325044780466182
7942,0.0376251689674616
7943,0.0390614178704666
7944,0.0365242607555792
7945,0.0381577168779468
7946,0.0357329637870998
7947,0.0311200671098351
7948,0.0401104327762433
7949,0.0419562202005983
7950,0.0401104327762433
7951,0.0343608187802557
7952,0.0343608187802557
7953,0.0344686942765821
7954,0.0328327615810966
7955,0.0349581882207892
7956,0.0359011256529949
7957,0.0343070032027832
7958,0.403690682840125
7959,0.647433595488686
7960,0.457017236746519
7961,0.0729384926865173
7962,0.128640267391112
7963,0.0492413825344352
7964,0.0445027946412642
7965,0.00387014638324657
7966,0.0359712360808112
7967,0.0324151041719657
7968,0.0344820272421523
7969,0.583391537663111
7970,0.00597458068753306
7971,0.0572104290116343
7972,0.0345819582084592
7973,0.15369133161845
7974,4.68116367493572e-09
7975,6.69528762587679e-09
7976,0.00535725336105708
7977,0.0304704220964205
7978,0.532845768561134
7979,0.497391622650143
7980,0.0228131815211005
7981,0.0485239878446845
7982,3.53651881880513e-09
7983,0.639050625046876
7984,0.261008903535027
7985,0.0332340682540269
7986,0.578547224674799
7987,0.0355425717412349
7988,0.0103295093525349
7989,0.808459315061603
7990,5.3692711039867e-09
7991,0.00230489221747888
7992,0.020148451324379
7993,0.0630525267812245
7994,0.00251650810933266
7995,3.30074644157492e-09
7996,0.0310671680034327
7997,0.0248015687977503
7998,0.03234563414071
7999,5.77811302706718e-09
8000,1.30091466907628e-09
8001,0.0271510228283792
8002,0.225706177426435
8003,0.0261386587759981
8004,0.140051045909755
8005,0.108649046474852
8006,0.00906277117591246
8007,2.36212969395264e-09
8008,1.06675590786484e-09
8009,1.33891923886316e-09
8010,0.0478042332379256
8011,0.0117265975979769
8012,1.22454422652927e-09
8013,0.464474960249872
8014,0.706007812909312
8015,0.0412595903967229
8016,0.9004232194971
8017,0.865988321462456
8018,0.78798999402944
8019,0.677816469743111
8020,0.0795877990738512
8021,0.679357691347338
8022,0.00227387661705684
8023,0.0229012956907358
8024,0.119402224738182
8025,0.191475539691824
8026,0.969013788765185
8027,0.0173600532755915
8028,0.914293109133221
8029,0.0681901214035924
8030,0.0203453034271561
8031,1.4196886933974e-08
8032,0.05922266485796
8033,0.0513509818781102
8034,0.0103242829739699
8035,0.00460119334874248
8036,0.698160380981197
8037,0.349014371163078
8038,1.05225510633692e-08
8039,0.916231732246054
8040,0.0844796359247542
8041,0.284026433365455
8042,0.238974666947441
8043,0.795835650584653
8044,0.985410224995182
8045,0.0826342342967392
8046,0.00565456637308072
8047,0.0105449479609737
8048,0.183068373987177
8049,0.0706420886404633
8050,0.0129610144387837
8051,0.0703492602117417
8052,0.0488861860191947
8053,0.921268982524372
8054,0.0536639490252865
8055,0.774097647129831
8056,1.07498505718051e-08
8057,0.807506481127138
8058,0.554069830658318
8059,0.0518190196472692
8060,0.057430329182638
8061,0.0630017723016769
8062,0.0833548827033841
8063,0.542717711306635
8064,0.0169182472590382
8065,0.0500107269996482
8066,0.812129411873912
8067,0.0565793483728891
8068,0.157823575016927
8069,0.0589955176932999
8070,0.865742547962821
8071,0.10969534655714
8072,0.0480761986699012
8073,0.00850482034806142
8074,0.800758728271813
8075,0.0503775455227984
8076,0.106386775256662
8077,0.0416010115446868
8078,0.00368802062589034
8079,0.684354329034529
8080,0.0358048375262529
8081,0.0457928203198818
8082,0.00398724740433413
8083,0.0503382334293575
8084,0.036740637661589
8085,0.0514869624062992
8086,0.0567682413518602
8087,0.918274716082345
8088,0.292084264859208
8089,8.56435975134004e-09
8090,0.354953352717506
8091,0.0436771719071985
8092,3.32129259430075e-09
8093,0.118473983634586
8094,0.0554995297306166
8095,0.0841920858592037
8096,0.0385422773110818
8097,0.117508891348687
8098,5.47988650130888e-09
8099,0.0118977866827466
8100,2.21614446133006e-09
8101,1.70096546214351e-09
8102,0.0957809696555968
8103,2.20891558190025e-09
8104,0.614720856222974
8105,0.83415374918933
8106,0.0273106211377338
8107,0.980193149563242
8108,0.0050310565721372
8109,0.00901735111555226
8110,0.0987781901553972
8111,0.542369374908321
8112,0.743152034595703
8113,0.0116715385697842
8114,0.23272106281523
8115,0.0557100941095962
8116,0.152166887074173
8117,0.0526537218657394
8118,0.0609623646920673
8119,0.08924466352825
8120,9.19699323497903e-09
8121,0.171695207054198
8122,0.857668371631107
8123,0.660277689612034
8124,0.0423512314556947
8125,0.733860998940296
8126,0.0774906663278897
8127,0.541617267171068
8128,0.240337702333511
8129,0.0357429090800929
8130,0.00635750377076529
8131,0.00659845889560503
8132,0.747612748729793
8133,0.195804018017497
8134,0.053279274225825
8135,0.00329528491708924
8136,0.638333103505988
8137,0.605576127384886
8138,0.120858504072379
8139,0.677834344247745
8140,0.05418610816918
8141,0.0034999345580446
8142,0.145532122542627
8143,0.587600850596925
8144,0.0353558170640658
8145,0.329382972679638
8146,0.0424589293383253
8147,0.329526449547169
8148,0.0192697427326459
8149,0.0803192330147859
8150,2.3452849569022e-09
8151,6.98749639543889e-09
8152,0.108780783247213
8153,0.0112010396844497
8154,3.59554327418937e-09
8155,1.77252235244953e-09
8156,0.0370942708701085
8157,1.52912736065532e-09
8158,0.010352018675722
8159,0.0069593570123243
8160,1.65567778783385e-09
8161,0.0557184322760814
8162,0.854278663022198
8163,0.0530065777835958
8164,0.00804871995835326
8165,0.055106419841194
8166,0.342659800285406
8167,0.0563229728084191
8168,0.685199710644806
8169,0.043548847934907
8170,0.252023344654917
8171,0.169546966374755
8172,0.0401810353606492
8173,0.0489250862029904
8174,0.0310453655136658
8175,0.128408663330547
8176,0.74543017209491
8177,0.0415642609156861
8178,0.0311794458377681
8179,0.0912068482234243
8180,0.040620709216276
8181,0.204305630973912
8182,0.00291108140299926
8183,0.0886039586992715
8184,0.0772152440357132
8185,0.00328269679730451
8186,0.0403012865434041
8187,0.676598073216493
8188,0.0383790887112822
8189,0.0749897133796661
8190,0.211452105287248
8191,0.264212300075782
8192,0.112840631386917
8193,0.106503269434054
8194,0.0229535282615115
8195,0.593533791941655
8196,0.80714670076534
8197,0.214767190834439
8198,0.97924276339921
8199,0.686867356290038
8200,0.00563557543918421
8201,0.298058206646034
8202,7.40556830405369e-09
8203,0.442839144655584
8204,7.2803480545101e-09
8205,7.21556779285767e-09
8206,0.00263903778363202
8207,0.0362682842773046
8208,0.0355340891263691
8209,0.0100373713552958
8210,0.0610692373696864
8211,0.00785052893854991
8212,0.377142340129179
8213,0.02061088696409
8214,0.916050897714922
8215,0.959135656270407
8216,0.149068958505347
8217,0.582212658940577
8218,0.0736728212440235
8219,0.119687370389074
8220,0.683016153828492
8221,0.712106156853721
8222,0.729214074910303
8223,0.00794092450935794
8224,0.242336555813643
8225,0.0339405729096901
8226,0.04627821664612
8227,0.0377073775531114
8228,6.4107708483919e-09
8229,0.131792563268731
8230,0.729091452032158
8231,0.00277997550355225
8232,0.00609622903872124
8233,0.00232739645168922
8234,0.111674730248871
8235,0.551979093994857
8236,0.0369159293680774
8237,0.482784845341927
8238,0.0565989009658205
8239,5.96637508028817e-09
8240,0.0299939399027888
8241,0.0668012930365429
8242,0.152825777234027
8243,0.387348184195727
8244,0.109715167570701
8245,0.0288205564005909
8246,0.00785330645969258
8247,0.00527871362044891
8248,0.042507628648696
8249,0.967611100058038
8250,0.803267390856833
8251,0.74648278279739
8252,0.952998822078912
8253,0.660935813393143
8254,0.00624944297745538
8255,0.554472393052419
8256,0.67090180274679
8257,0.255452419499003
8258,0.548567204731056
8259,0.00944042820981405
8260,0.00411695335699902
8261,0.0364453584547913
8262,0.0989333186776004
8263,0.0298302216616119
8264,0.862912658684859
8265,0.24797258502085
8266,0.0737785126289035
8267,0.744607255389255
8268,0.760324248427992
8269,1.63167443462408e-08
8270,0.0114967471305373
8271,0.664347939960231
8272,0.229819531532631
8273,0.0157439888753581
8274,0.0849520057765962
8275,0.887063722210801
8276,0.35056000130071
8277,0.274875707965517
8278,0.0110077922839696
8279,0.193954394063792
8280,0.175041563183991
8281,0.00907029651125001
8282,0.0102914588421491
8283,0.693188639230337
8284,0.684099228759392
8285,0.0603540819225618
8286,0.0592812159751818
8287,0.0530083172865314
8288,0.0907019699140511
8289,0.0793999764608432
8290,0.737646600721776
8291,0.657127027148313
8292,0.0799769121022131
8293,0.339182804464809
8294,0.059843980993159
8295,2.57852916068478e-08
8296,1.02014477885472e-08
8297,0.0441656175539482
8298,0.985052851210473
8299,0.788653454573864
8300,0.803433667976216
8301,0.0635778883519531
8302,0.341055445179095
8303,9.23218397900411e-09
8304,0.00371195415242745
8305,6.83494973922956e-09
8306,0.0368414836576446
8307,0.0475730060161668
8308,0.0896993875051341
8309,0.306860518582714
8310,0.139795659106122
8311,0.0637120744314609
8312,0.635411176710211
8313,0.0282038347143698
8314,0.0629208281234411
8315,0.80846343313314
8316,0.00269075421233032
8317,0.0939730024134336
8318,0.00903186718415363
8319,0.0104436817416048
8320,0.755947484949582
8321,0.437202079241646
8322,0.0499373084960823
8323,0.0817438125966295
8324,0.587611853544734
8325,0.791749857830643
8326,0.0538972954328681
8327,7.44784456321092e-09
8328,0.0756903687783213
8329,0.0489829646129133
8330,0.191398161333476
8331,0.793150551056177
8332,0.0561336676047473
8333,0.0583718682871726
8334,0.00710932985782801
8335,0.86153732090669
8336,0.423174111151103
8337,0.0482507461192003
8338,0.0575958261230287
8339,0.144860722455242
8340,8.87792558439221e-09
8341,0.0506532044440063
8342,0.702939136213783
8343,8.73180505053294e-09
8344,0.0441574647513366
8345,0.595746939767212
8346,0.129658542282354
8347,0.00333281405365956
8348,0.0564978673203895
8349,7.67112858649799e-09
8350,0.0436460509395523
8351,0.0334685864901129
8352,0.00572105012068887
8353,0.304582359068916
8354,0.0783044153948786
8355,0.145026069752868
8356,0.00574411908716697
8357,0.0109345648190134
8358,0.918662575549932
8359,0.899121961788859
8360,0.222632167062091
8361,1.02524061422831e-08
8362,0.930324543937308
8363,0.0523829189310582
8364,0.224672416859295
8365,0.00770932579296699
8366,0.762295047926873
8367,0.0596238385898822
8368,0.808801127088317
8369,0.741873808668333
8370,0.723439127170193
8371,0.0471989045015229
8372,0.0392524896637528
8373,0.0127717471479631
8374,0.053577696201688
8375,0.77214616494226
8376,9.80060289168023e-09
8377,0.0340027892038931
8378,0.00708227546280198
8379,0.0581831079623462
8380,0.456903902660725
8381,0.0349510221426933
8382,0.830036462370825
8383,0.83308012018418
8384,0.0611274742959218
8385,0.0455472096395794
8386,0.735567106376795
8387,0.0437977432353928
8388,0.034082507359082
8389,0.00294424787183108
8390,0.0364135437641043
8391,0.611911294094665
8392,0.268927768719865
8393,0.0439675592246727
8394,0.0397189220478629
8395,0.0923550122732658
8396,0.00535803496959926
8397,0.291472154224938
8398,0.0808468587738956
8399,0.134376832958474
8400,0.00908064641432448
8401,0.00879901281851206
8402,0.584102543966202
